Method,Measured_Accuracy (%),Reported_Accuracy (%),Measured_Precision (%),Reported_Precision (%),Measured_Recall (%),Reported_Recall (%),Measured_F1 (%),Reported_F1 (%),Measured_AUC,Reported_AUC,Measured_Detection Rate (%),Reported_Detection Rate (%)
FedAvg,97.13321023092143,99.8,41.088048639458194,76.5,99.90840168324219,89.7,58.229001630272556,82.5,0.9967319240364697,0.992,0.0,0.0
FedProx,97.13321023092143,98.9,41.088048639458194,83.1,99.90840168324219,83.1,58.229001630272556,83.1,0.9967319240364697,0.989,0.0,0.0
FLAME,97.13321023092143,99.0,41.088048639458194,84.0,99.90840168324219,84.0,58.229001630272556,84.0,0.9967319240364697,0.99,0.0,0.0
RFLBAT,97.13321023092143,99.1,41.088048639458194,85.0,99.90840168324219,85.0,58.229001630272556,85.0,0.9967319240364697,0.991,0.0,0.0
SCAFFOLD,97.1114434027009,99.7,40.90686889639456,85.0,99.93400981480889,85.0,58.0511492855406,85.0,0.9965946945517923,0.992,0.0,0.0
FedNova,97.13321023092143,99.1,41.088048639458194,86.2,99.90840168324219,86.2,58.229001630272556,86.2,0.9967319240364697,0.991,0.0,0.0
SecureFed+,97.08060542118123,99.8,40.65086167611955,78.8,99.94139677583775,89.7,57.79413377075885,83.89999999999999,0.9965542391552973,0.992,0.0,0.0
DeSecureFed,97.15457324015686,99.9,41.27006727654576,85.7,99.91849719664829,82.8,58.41327329678935,84.2,0.9968249640566983,0.989,0.0,0.0
DeSecureFed (Attack),97.34589972051786,99.8,42.86389698360712,73.0,98.22491326476592,93.10000000000001,59.68301179934603,81.8,0.9967865314320822,0.993,0.0,12.5
